{
  "flowers102": {
    "ecamgnet": {
      "mean": 0.9894184397163122,
      "ci_low": 0.975177304964539,
      "ci_high": 1.0,
      "std": 0.006133566892502903
    },
    "mobilenetv2": {
      "mean": 0.9114397163120566,
      "ci_low": 0.8794326241134752,
      "ci_high": 0.9468085106382979,
      "std": 0.017462270436237392
    },
    "shufflenetv2": {
      "mean": 0.9352872340425532,
      "ci_low": 0.9042553191489362,
      "ci_high": 0.9609929078014184,
      "std": 0.014262638377179565
    },
    "efficientnet_b0": {
      "mean": 0.9327127659574467,
      "ci_low": 0.900709219858156,
      "ci_high": 0.9609929078014184,
      "std": 0.014701725232524079
    },
    "resnet18": {
      "mean": 0.9500921985815606,
      "ci_low": 0.9219858156028369,
      "ci_high": 0.975177304964539,
      "std": 0.013365795325526612
    }
  },
  "eurosat": {
    "ecamgnet": {
      "mean": 0.9668844444444445,
      "ci_low": 0.9488888888888889,
      "ci_high": 0.9822222222222222,
      "std": 0.008267262821992612
    },
    "mobilenetv2": {
      "mean": 0.8598822222222222,
      "ci_low": 0.8266666666666667,
      "ci_high": 0.8911111111111111,
      "std": 0.01608406787806408
    },
    "shufflenetv2": {
      "mean": 0.8690266666666666,
      "ci_low": 0.8377777777777777,
      "ci_high": 0.9,
      "std": 0.015998480792072754
    },
    "efficientnet_b0": {
      "mean": 0.8578844444444444,
      "ci_low": 0.8244444444444444,
      "ci_high": 0.8911111111111111,
      "std": 0.016946057628127034
    },
    "resnet18": {
      "mean": 0.8421377777777778,
      "ci_low": 0.8066666666666666,
      "ci_high": 0.8755555555555555,
      "std": 0.017048740006301615
    }
  }
}