{
  "flowers102": {
    "mobilenetv2": {
      "b01": 1,
      "b10": 23,
      "chi2": 18.375,
      "p_value": 1.814227956331571e-05,
      "significant": "***"
    },
    "shufflenetv2": {
      "b01": 2,
      "b10": 17,
      "chi2": 10.31578947368421,
      "p_value": 0.0013189686125794076,
      "significant": "**"
    },
    "efficientnet_b0": {
      "b01": 2,
      "b10": 18,
      "chi2": 11.25,
      "p_value": 0.0007962301575907826,
      "significant": "***"
    },
    "resnet18": {
      "b01": 1,
      "b10": 12,
      "chi2": 7.6923076923076925,
      "p_value": 0.005545667315244085,
      "significant": "**"
    }
  },
  "eurosat": {
    "mobilenetv2": {
      "b01": 1,
      "b10": 49,
      "chi2": 44.18,
      "p_value": 2.9952595959059636e-11,
      "significant": "***"
    },
    "shufflenetv2": {
      "b01": 8,
      "b10": 52,
      "chi2": 30.816666666666666,
      "p_value": 2.8359172121739107e-08,
      "significant": "***"
    },
    "efficientnet_b0": {
      "b01": 9,
      "b10": 58,
      "chi2": 34.38805970149254,
      "p_value": 4.51484594155005e-09,
      "significant": "***"
    },
    "resnet18": {
      "b01": 5,
      "b10": 61,
      "chi2": 45.833333333333336,
      "p_value": 1.2875367438880403e-11,
      "significant": "***"
    }
  }
}