{
  "flowers102": {
    "clean": 0.9893617021276596,
    "gaussian_noise_0.05": 0.975177304964539,
    "gaussian_noise_0.10": 0.9609929078014184,
    "gaussian_noise_0.15": 0.950354609929078,
    "gaussian_blur_1": 0.9858156028368794,
    "gaussian_blur_2": 0.9645390070921985,
    "gaussian_blur_3": 0.8900709219858156,
    "jpeg_q75": 0.9893617021276596,
    "jpeg_q50": 0.9822695035460993,
    "jpeg_q25": 0.9858156028368794,
    "jpeg_q10": 0.9680851063829787
  },
  "eurosat": {
    "clean": 0.9666666666666667,
    "gaussian_noise_0.05": 0.3488888888888889,
    "gaussian_noise_0.10": 0.1711111111111111,
    "gaussian_noise_0.15": 0.09333333333333334,
    "gaussian_blur_1": 0.5955555555555555,
    "gaussian_blur_2": 0.3088888888888889,
    "gaussian_blur_3": 0.2288888888888889,
    "jpeg_q75": 0.7044444444444444,
    "jpeg_q50": 0.6,
    "jpeg_q25": 0.46444444444444444,
    "jpeg_q10": 0.26222222222222225
  }
}