{
  "flowers102": {
    "ecamgnet": {
      "macro_auc": 0.9998928481410847,
      "per_class_auc": {
        "0": 1.0,
        "1": 1.0,
        "2": 1.0,
        "3": 0.999881404174573,
        "4": 1.0,
        "5": 0.9996503496503497,
        "6": 1.0,
        "7": 0.9994755244755245,
        "8": 0.9996642605338257,
        "9": 1.0
      }
    },
    "mobilenetv2": {
      "macro_auc": 0.9964190276768132,
      "per_class_auc": {
        "0": 0.9990157480314961,
        "1": 0.9923605805958746,
        "2": 0.9993285210676515,
        "3": 0.9899193548387096,
        "4": 1.0,
        "5": 0.9884615384615385,
        "6": 0.9991606513345644,
        "7": 0.9954545454545455,
        "8": 0.9976498237367802,
        "9": 0.998951048951049
      }
    },
    "shufflenetv2": {
      "macro_auc": 0.9965070627265433,
      "per_class_auc": {
        "0": 1.0,
        "1": 0.9957028265851795,
        "2": 0.9989927816014773,
        "3": 0.9799573055028463,
        "4": 1.0,
        "5": 0.9958041958041958,
        "6": 0.9978176934698674,
        "7": 0.997027972027972,
        "8": 0.9986570421353029,
        "9": 0.9940559440559441
      }
    },
    "efficientnet_b0": {
      "macro_auc": 0.9976341056922066,
      "per_class_auc": {
        "0": 1.0,
        "1": 0.9957028265851795,
        "2": 1.0,
        "3": 0.9922912713472485,
        "4": 0.9997975913369093,
        "5": 0.9977272727272728,
        "6": 0.9998321302669129,
        "7": 0.9937062937062937,
        "8": 0.9981534329360416,
        "9": 0.9966783216783217
      }
    },
    "resnet18": {
      "macro_auc": 0.9976518328271999,
      "per_class_auc": {
        "0": 1.0,
        "1": 0.9966577540106951,
        "2": 0.9998321302669129,
        "3": 0.9898007590132827,
        "4": 1.0,
        "5": 0.9958041958041958,
        "6": 0.9996642605338257,
        "7": 0.9956293706293706,
        "8": 0.998657042135303,
        "9": 0.9956293706293706
      }
    }
  },
  "eurosat": {
    "ecamgnet": {
      "macro_auc": 0.9978906547021982,
      "per_class_auc": {
        "0": 0.9799596954769368,
        "1": 0.9998249299719888,
        "2": 0.9990286269356037,
        "3": 0.9979270315091211,
        "4": 1.0,
        "5": 0.9995928545981984,
        "6": 0.995248402935431,
        "7": 1.0,
        "8": 0.9983782986878962,
        "9": 1.0
      }
    },
    "mobilenetv2": {
      "macro_auc": 0.9903321055550399,
      "per_class_auc": {
        "0": 0.9892521271831617,
        "1": 0.9969654528478058,
        "2": 0.9774298611507913,
        "3": 0.976730928689884,
        "4": 0.9987276706193698,
        "5": 0.9935874599216244,
        "6": 0.9865371416503881,
        "7": 0.9987476891883834,
        "8": 0.9772961816305469,
        "9": 0.9997987117552335
      }
    },
    "shufflenetv2": {
      "macro_auc": 0.9898450329048311,
      "per_class_auc": {
        "0": 0.9877407075682938,
        "1": 0.9956816059757236,
        "2": 0.9862293583223816,
        "3": 0.9796849087893863,
        "4": 0.9985240979184691,
        "5": 0.993485673571174,
        "6": 0.9818383401087587,
        "7": 0.9994036615182778,
        "8": 0.9701213818860877,
        "9": 0.9999329039184112
      }
    },
    "efficientnet_b0": {
      "macro_auc": 0.9924404714411617,
      "per_class_auc": {
        "0": 0.9940662785490373,
        "1": 0.9985410830999066,
        "2": 0.9765156276784184,
        "3": 0.9890650912106136,
        "4": 0.9987785637945951,
        "5": 0.9946562166013537,
        "6": 0.9861675729898105,
        "7": 0.9989862245810722,
        "8": 0.9844709813750061,
        "9": 1.0
      }
    },
    "resnet18": {
      "macro_auc": 0.985604021252108,
      "per_class_auc": {
        "0": 0.9888042991491267,
        "1": 0.9976073762838469,
        "2": 0.9692017598994344,
        "3": 0.9732068822553896,
        "4": 0.9952669347040561,
        "5": 0.9896686854292839,
        "6": 0.9681642996673883,
        "7": 0.9988073230365556,
        "8": 0.9663865546218487,
        "9": 0.999194847020934
      }
    }
  }
}